Taxon;Specimen;Source;Type;full_dataset;partial_dataset;Seeds_fruits;Flowers;Stems;Terrestrial_leaves;Aquatic_leaves;Fungi;Vertebrates;Jellyfish;Aquatic_insects;Terrestrial_arthropods;Worms;Mollusks;Crustaceans;Mostly_vegetable_matter (herbivory);Mostly_animal_matter (carnivory);Mostly_hard_food (durophagy);Feed_on_water;Feed_on_land;Suction_feeding;Marine;Open_swimmer;Food_hardness;Food_evasiveness;Neck_retraction;Side_neck;Body_size;Neck_ratio;Reference (body size);Clade;Reference (diet)*;Reference (marine)*;Reference (neck)*;File_name
Aldabrachelys_gigantea;NHMUK 77.11.12.2;CT data avilable under Morphosource Media ID 000077393;Extant;1;1;1;0;0;1;0;0;0;0;0;0;0;0;0;1;0;0;0;1;0;0;0;0.5;0;1;0;1190;NA;Itescu et al. 2014;Testudinidae;"Hamilton & Coe 1982; Bjorndal 1985";"Pritchard 1979; Bonin et al. 2006";Pritchard 1979;Aldabrachelys_gigantea_NHMUK7711122
Amyda_cartilaginea;FMNH 244117;CT data avilable under Morphosource Media ID 000077414;Extant;1;1;1;0;0;0;1;0;1;0;1;0;0;0;1;0;1;0;1;0;1;0;0;0.6;0.6;1;0;830;1;Itescu et al. 2014;Trionychia;"Jensen & Das 2008; Auliya et al. 2016";"Pritchard 1979; Bonin et al. 2006";Pritchard 1979;Amyda_cartilaginea_FMNH244117
Apalone_mutica;PCHP 2746;CT data avilable under Morphosource Media ID 000114285;Extant;1;1;0;0;0;0;1;0;0;0;1;0;0;0;1;0;1;0;1;0;1;0;0;0.5;0.67;1;0;345;0.9;Itescu et al. 2014;Trionychia;Plummer & Farrar 1981;"Pritchard 1979; Bonin et al. 2006";Pritchard 1979;Apalone_mutica_PCHP2746
Apalone_spinifera;FMNH 22178;CT data avilable under Morphosource Media ID 000042603;Extant;1;1;0;0;0;0;0;0;0;0;1;0;0;0;1;0;1;0;1;0;1;0;0;0.75;1;1;0;550;0.9;Itescu et al. 2014;Trionychia;Bonin et al. 2006;"Pritchard 1979; Bonin et al. 2006";Pritchard 1979;Apalone_spinifera_FMNH22178
Batagur_baska;NHMUK 67.9.28.7;CT data avilable under Morphosource Media ID 000077389;Extant;1;1;1;0;0;0;1;0;0;0;0;0;0;1;0;1;0;0;1;0;0;0;0;0.67;0.17;1;0;600;0.39;Itescu et al. 2014;Geoemydidae;"Kimmel 1980; Moll 1980; Davenport et al. 1992; Moll et al. 2009";"Pritchard 1979; Bonin et al. 2006";Pritchard 1979;Batagur_baska_NHMUK679287
Caretta_caretta;NHMUK 1938.1.9.1;CT data avilable under Morphosource Media ID 000077381;Extant;1;1;0;0;0;0;0;0;1;1;0;0;0;1;1;0;1;1;1;0;0;1;1;0.62;0.62;0;0;1200;0.32;Angielczyk et al. 2015;Chelonioidea;"Tomas et al. 2001; Parker et al. 2005; Jones & Seminoff 2013";"Pritchard 1979; Bonin et al. 2006";Pritchard 1979;Caretta_caretta_NHMUK1938191
Carettochelys_insculpta;NHMUK 1903.7.10.1;CT data avilable under Morphosource Media ID 000077378;Extant;1;1;1;1;1;0;1;0;1;0;1;0;0;1;1;0;0;0;1;0;0;0;1;0.56;0.44;1;0;700;0.4;Angielczyk et al. 2015;Trionychia;"Georges et al. 2008; Welsh et al. 2017";"Pritchard 1979; Bonin et al. 2006";Pritchard 1979;Carettochelys_insculpta_NHMUK19037101
Chelodina_oblonga;NHMUK 64.12.22;CT data avilable under Morphosource Media ID 000077387;Extant;1;1;0;0;0;0;0;0;1;0;1;0;0;0;0;0;1;0;1;0;1;0;0;0.5;1;1;1;400;0.77;Angielczyk et al. 2015;Chelidae;"Kennett & Tory 1996; Welsh et al. 2017";"Pritchard 1979; Bonin et al. 2006";Pritchard 1979;Chelodina_oblonga_NHMUK64.12.22
Chelonia_mydas;NHMUK 1969.776;CT data avilable under Morphosource Media ID 000077384;Extant;1;1;0;0;0;0;1;0;0;0;0;0;0;0;0;1;0;0;1;0;0;1;1;0;0;0;0;1530;0.34;Angielczyk et al. 2015;Chelonioidea;"Garnett et al. 1985; Guebert-Bartholo et al. 2011; Jones & Seminoff 2013";"Pritchard 1979; Bonin et al. 2006";Pritchard 1979;Chelonia_mydas_NHMUK1969776
Chelonoidis_carbonaria;LIRP unnumbered;CT data avilable under Morphosource Media ID 000398718;Extant;1;1;1;1;0;1;0;1;0;0;0;1;0;0;0;0;0;0;0;1;0;0;0;0.3;0.1;1;0;593;0.519;Itescu et al. 2014;Testudinidae;"Moskovits & Bjorndal 1990; Wang et al. 2011";"Pritchard 1979; Bonin et al. 2006";Pritchard 1979;Chelonoidis_carbonaria_unnumbered
Chelonoidis_nigra;SMF 67582;CT data avilable under Morphosource Media ID 000353850;Extant;1;1;1;0;0;1;0;0;0;0;0;0;0;0;0;1;0;0;0;1;0;0;0;0.5;0;1;0;1300;0.36;Angielczyk et al. 2015;Testudinidae;"Cayot et al. 1987; Blake et al. 2012";"Pritchard 1979; Bonin et al. 2006";Pritchard 1979;Chelonoidis_sp_SMF67582
Chelus_fimbriatus;NHMUK 81.9.27.4;CT data avilable under Morphosource Media ID 000077394;Extant;1;1;0;0;0;0;0;0;1;0;0;0;0;0;0;0;1;0;1;0;1;0;0;0.5;1;1;1;500;0.59;Itescu et al. 2014;Chelidae;"Fachín-Teran et al. 1995; Lemell et al. 2002; Barrio-Amorós & Narbaiza 2008; Pritchard 2008";"Pritchard 1979; Bonin et al. 2006";Pritchard 1979;Chelus_fimbriatus_NHMUK819274
Chelydra_serpentina;UF 22159;CT data avilable under Morphosource Media ID 000114658;Extant;1;1;1;0;0;0;1;0;1;0;1;0;0;1;1;0;0;0;1;0;0;0;0;0.67;0.58;1;0;550;0.38;Itescu et al. 2014;Chelydroidea;"Pritchard 1979; Lauder & Prendergast 1992";"Pritchard 1979; Bonin et al. 2006";Pritchard 1979;Chelydra_serpentina_UF22159
Chitra_indica;NHMUK 1926.12.16.1;CT data avilable under Morphosource Media ID 000077380;Extant;1;1;0;0;0;0;0;0;1;0;1;0;0;0;1;0;1;0;1;0;1;0;0;0.67;1;1;0;1150;0.986;Angielczyk et al. 2015;Trionychia;Hossain & Sarker 1995;"Pritchard 1979; Bonin et al. 2006";Pritchard 1979;Chitra_indica_NHMUK192612161
Chrysemys_picta;NHMUK 76.1.31.19;CT data avilable under Morphosource Media ID 000077391;Extant;1;1;1;0;0;0;1;0;0;0;1;0;0;0;1;0;0;0;1;0;1;0;0;0.62;0.5;1;0;250;0.46;Itescu et al. 2014;Emydidae;"Lideman 1996; Padgett et al. 2010";"Pritchard 1979; Bonin et al. 2006";Pritchard 1979;Chrysemys_picta_NHMUK7613119
Claudius_angustatus;SMNS 14380;CT data avilable under Morphosource Media ID 000077424;Extant;1;1;0;0;0;0;0;0;0;0;1;1;0;0;1;0;1;0;1;0;0;0;0;0.67;0.83;1;0;165;0.776;Itescu et al. 2014;Chelydroidea;Legler & Vogt 2013;"Pritchard 1979; Bonin et al. 2006";Pritchard 1979;Claudius_angustatus_SMNS14380
Clemmys_guttata;FMNH 22114;CT data avilable under Morphosource Media ID 000077408;Extant;1;1;0;0;0;0;0;0;0;0;1;0;1;1;1;0;1;0;1;0;0;0;0;0.62;0.62;1;0;125;0.46;Itescu et al. 2014;Emydidae;Rasmussen et al. 2009;"Pritchard 1979; Bonin et al. 2006";Pritchard 1979;Clemmys_guttata_FMNH22114
Cuora_amboinensis;PCHP 5077;CT data avilable under Morphosource Media ID 000114284;Extant;1;1;1;0;0;1;1;1;0;0;0;1;1;0;1;0;0;0;1;1;0;0;0;0.36;0.21;1;0;250;0.51;Itescu et al. 2014;Geoemydidae;"Kimmel 1980; Schoppe & Das 2011";"Pritchard 1979; Bonin et al. 2006";Pritchard 1979;Cuora_amboinensis_PCHP5077
Cuora_flavomarginata;FMNH 21515;CT data avilable under Morphosource Media ID 000077405;Extant;1;1;1;0;0;1;0;0;0;0;0;1;1;1;0;0;0;0;1;1;0;0;0;0.5;0.2;1;0;195;0.559;Itescu et al. 2014;Geoemydidae;Ota et al. 2009;"Pritchard 1979; Bonin et al. 2006";Pritchard 1979;Cuora_flavomarginata_FMNH21515
Cyclanorbis_senegalensis;NHMUK 65.5.9.21;CT data avilable under Morphosource Media ID 000077405;Extant;1;1;0;0;0;0;0;0;1;0;0;0;0;1;0;0;1;0;1;0;1;0;0;0.75;0.75;1;0;600;NA;Itescu et al. 2014;Trionychia;Diagne et al. 2016;"Pritchard 1979; Bonin et al. 2006";Pritchard 1979;Cyclanorbis_senegalensis_NHMUK655921
Cyclemys_dentata;NHMUK 97.11.22.3;CT data avilable under Morphosource Media ID 000077399;Extant;0;1;1;0;1;0;1;0;0;0;0;0;0;0;0;1;0;0;1;0;0;0;0;0.5;0;1;0;240;0.468;Angielczyk et al. 2015;Geoemydidae;Kimmel 1980;"Pritchard 1979; Bonin et al. 2006";Pritchard 1979;Cyclemys_dentata_NHMUK9711223
Cycloderma_frenatum;NHMUK 84.2.4.1;CT data avilable under Morphosource Media ID 000077395;Extant;1;1;0;0;0;0;0;0;1;0;0;0;0;1;0;0;1;1;1;0;1;0;0;0.75;0.75;1;0;560;0.94;Itescu et al. 2014;Trionychia;Broadley & Sachsee 2011;"Pritchard 1979; Bonin et al. 2006";Pritchard 1979;Cycloderma_frenatum_NHMUK84241
Deirochelys_reticularia;FMNH 98754;CT data avilable under Morphosource Media ID 000077421;Extant;1;1;0;0;0;0;0;0;0;0;1;0;0;0;1;0;1;0;1;0;1;0;0;0.75;1;1;0;260;0.77;Itescu et al. 2014;Emydidae;Demuth & Buhlmann 1997;"Pritchard 1979; Bonin et al. 2006";Pritchard 1979;Deirochelys_reticularis_FMNH98754
Dermatemys_mawii;SMF 59453;CT data avilable under Morphosource Media ID 000353983;Extant;1;1;1;0;0;1;1;0;0;0;0;0;0;0;0;1;0;0;1;0;0;0;0;0.33;0;1;0;650;0.46;Angielczyk et al. 2015;Chelydroidea;"Moll 1989; Vogt et al. 2011";"Pritchard 1979; Bonin et al. 2006";Pritchard 1979;Dermatemys_mawii_SMF59463
Dermochelys_coriacea;UMZC R3031;CT data avilable under Morphosource Media ID 000042527;Extant;1;1;0;0;0;0;0;0;0;1;0;0;0;0;0;0;1;0;1;0;1;1;1;0;0;0;0;2440;0.2;Angielczyk et al. 2015;Chelonioidea;"Bjorndal 1985; Bels et al. 1998; Jones & Seminoff 2013";"Pritchard 1979; Bonin et al. 2006";Pritchard 1979;Dermochelys_coriacea_UMZCR3031
Elseya_dentata;NHMUK 76.5.19.77;CT data avilable under Morphosource Media ID 000042836;Extant;1;1;1;0;0;0;1;0;0;0;0;0;0;0;0;1;0;0;1;0;0;0;0;0.5;0;1;1;400;0.27;Itescu et al. 2014;Chelidae;"Kennett & Tory 1996; Welsh et al. 2017";"Pritchard 1979; Bonin et al. 2006";Pritchard 1979;Elseya_dentata_NHMUK7651977
Emydoidea_blandingii;FMNH 22144;CT data avilable under Morphosource Media ID 000077409;Extant;1;1;0;0;0;0;0;0;1;0;1;0;0;0;1;0;1;0;1;0;1;0;0;0.67;1;1;0;274;0.63;Itescu et al. 2014;Emydidae;"Kofron & Schreiber 1985; DeGraaf & Rudis 1986; Rowe 1992";"Pritchard 1979; Bonin et al. 2006";Pritchard 1979;Emydoidea_blandingii_FMNH22144
Emys_orbicularis;SMF 1987;CT data avilable under Morphosource Media ID 000354014;Extant;1;1;1;0;1;0;0;0;1;0;1;0;1;0;0;0;1;0;1;0;0;0;0;0.5;0.4;1;0;230;0.58;Itescu et al. 2014;Emydidae;"Çiçek & Ayaz 2011; Pérez-Santigosa et al. 2011";"Pritchard 1979; Bonin et al. 2006";Pritchard 1979;Emys_orbicularis_WGJ1987a
Eretmochelys_imbricata;FMNH 22242;CT data avilable under Morphosource Media ID 000077401;Extant;1;1;0;0;0;0;0;0;0;1;0;0;0;1;1;0;0;1;1;0;0;1;1;0.67;0.5;0;0;910;NA;Angielczyk et al. 2015;Chelonioidea;"Carr & Stancyk 1975; Meylan 1988; Méndez-Salgado et al. 2020";"Pritchard 1979; Bonin et al. 2006";Pritchard 1979;Eretmochelys_imbricata_FMNH22242
Geoclemys_hamiltonii;NHMUK 87.9.30.1;CT data avilable under Morphosource Media ID 000077397;Extant;0;1;0;0;0;0;0;0;0;0;0;0;0;1;0;0;1;1;1;0;0;0;0;1;0.5;1;0;410;0.51;Itescu et al. 2014;Geoemydidae;Das & Bhupathy 2010;"Pritchard 1979; Bonin et al. 2006";Pritchard 1979;Geoclemys_hamiltoni_NHMUK879301
Glyptemys_insculpta;FMNH 22240;CT data avilable under Morphosource Media ID 000077411;Extant;1;1;1;1;0;1;0;1;0;0;0;1;1;1;0;0;0;0;1;1;0;0;0;0.36;0.14;1;0;230;0.535;Itescu et al. 2014;Emydidae;Strang 1983;"Pritchard 1979; Bonin et al. 2006";Pritchard 1979;Glyptemys_insculpta_FMNH22240
Glyptemys_muhlenbergii;UF 85274;CT data avilable on Digimorph;Extant;1;1;1;0;0;1;0;0;0;0;1;1;1;0;0;0;0;0;1;1;0;0;0;0.4;0.3;1;0;115;NA;Angielczyk et al. 2015;Emydidae;Melendez et al. 2017;"Pritchard 1979; Bonin et al. 2006";Pritchard 1979;Glyptemys_muhlenbergii_UF85274
Gopherus_agassizii;FMNH 216746;CT data avilable under Morphosource Media ID 000077406;Extant;1;1;0;1;1;1;0;0;0;0;0;0;0;0;0;1;0;0;0;1;0;0;0;0.17;0;1;0;490;0.47;Angielczyk et al. 2015;Testudinidae;Hazard et al. 2010;"Pritchard 1979; Bonin et al. 2006";Pritchard 1979;Gopherus_agassizi_FMNH216746
Gopherus_flavomarginatus;FMNH 98916;CT data avilable under Morphosource Media ID 000077422;Extant;1;1;0;1;1;1;0;0;0;0;0;0;0;0;0;1;0;0;0;1;0;0;0;0.17;0;1;0;400;0.43;Itescu et al. 2014;Testudinidae;Pritchard 1979;"Pritchard 1979; Bonin et al. 2006";Pritchard 1979;Gopherus_flavomarginatus_FMNH98916
Gopherus_polyphemus;FMNH 211815;CT data avilable under Morphosource Media ID 000042629;Extant;1;1;0;1;1;1;0;0;0;0;0;0;0;0;0;1;0;0;0;1;0;0;0;0.17;0;1;0;387;0.38;Itescu et al. 2014;Testudinidae;MacDonald & Mushinsky 1988;"Pritchard 1979; Bonin et al. 2006";Pritchard 1979;Gopherus_polyphemus_FMNH211815
Graptemys_geographica;NHMUK 55.12.6.11;CT data avilable under Morphosource Media ID 000077385;Extant;1;1;0;0;0;0;0;0;0;0;0;0;0;1;0;0;1;1;1;0;0;0;0;1;0.5;1;0;270;0.42;Itescu et al. 2014;Emydidae;Richards-Dimitrie et al. 2013;"Pritchard 1979; Bonin et al. 2006";Pritchard 1979;Graptemys_geographica_NHMUK5512611
Heosemys_grandis;Zoo Vienna uncataloged;;Extant;1;1;0;0;0;1;1;0;1;0;1;0;1;1;0;0;0;0;1;1;0;0;0;0.33;0.42;1;0;480;0.454;Itescu et al. 2014;Geoemydidae;Lintner et al. 2012;"Pritchard 1979; Bonin et al. 2006";Pritchard 1979;Heosemys_grandis_unnumbered
Hieremys_annandalii;FMNH 260389;CT data avilable under Morphosource Media ID 000077416;Extant;0;1;1;0;0;0;1;0;0;0;0;0;0;0;0;1;0;0;1;0;0;0;0;0.5;0;1;0;600;0.48;Itescu et al. 2014;Geoemydidae;Das 2015;"Pritchard 1979; Bonin et al. 2006";Pritchard 1979;Hieremys_annandalei_FMNH_260389
Hydromedusa_tectifera;SMF 70500;CT data avilable under Morphosource Media ID 000354033;Extant;1;1;0;0;0;0;0;0;0;0;1;0;0;0;0;0;1;0;1;0;1;0;0;0.5;1;1;1;300;0.65;Itescu et al. 2014;Chelidae;Alcalde et al. 2010;"Pritchard 1979; Bonin et al. 2006";Pritchard 1979;Hydromedusa_tectifera_SMF70500
Kinosternon_baurii;FMNH 211705;CT data avilable under Morphosource Media ID 000077403;Extant;1;1;1;0;0;0;0;0;0;0;1;1;0;1;0;0;1;0;1;0;0;0;0;0.75;0.5;1;0;138;0.57;Angielczyk et al. 2015;Chelydroidea;Pritchard 1979;"Pritchard 1979; Bonin et al. 2006";Pritchard 1979;Kinosternon_baurii_FMNH211705
Kinosternon_subrubrum;FMNH 211711;CT data avilable under Morphosource Media ID 000077404;Extant;1;1;0;0;0;0;0;0;1;0;0;0;0;1;1;0;1;1;1;0;0;0;0;0.83;0.83;1;0;125;0.703;Itescu et al. 2014;Chelydroidea;Mahmoud 1968;"Pritchard 1979; Bonin et al. 2006";Pritchard 1979;Kinosternon_suburum_hippocrepis_FMNH211711
Lepidochelys_kempii;CSIP M009-08;no permission for upload, scan was shared with us by M. Jones;Extant;1;1;0;0;0;0;0;0;0;0;0;0;0;1;1;0;1;1;1;0;0;1;1;1;0.75;0;0;720;NA;Angielczyk et al. 2015;Chelonioidea;"Seney & Musick 2005; Jones & Seminoff 2013";"Pritchard 1979; Bonin et al. 2006";Pritchard 1979;Lepidochelys_kempii_M00908
Lepidochelys_olivacea;SMNS 11070;CT data avilable under Morphosource Media ID 000042678;Extant;1;1;0;0;0;0;0;0;1;0;0;0;0;1;0;0;1;1;1;0;0;1;1;0.75;0.75;0;0;710;0.34;Angielczyk et al. 2015;Chelonioidea;"Jones & Seminoff 2013; Colman et al. 2014; Behera et al. 2015";"Pritchard 1979; Bonin et al. 2006";Pritchard 1979;Lepidochelys_olivacea_SMNS11070
Lissemys_punctata;SMF 74141;CT data avilable under Morphosource Media ID 000354136;Extant;0;1;1;0;0;0;0;0;1;0;1;0;0;1;0;0;1;0;1;0;1;0;0;0.75;0.62;1;0;285;0.75;Itescu et al. 2014;Trionychia;Bhupathy et al. 2014;"Pritchard 1979; Bonin et al. 2006";Pritchard 1979;Lissemys_punctata_SMF74141
Macrochelys_temminckii;FMNH 22111;CT data avilable under Morphosource Media ID 000077407;Extant;1;1;1;0;0;0;0;0;1;0;1;0;0;1;1;0;1;0;1;0;0;0;0;0.8;0.7;0;0;800;0.53;Itescu et al. 2014;Chelydroidea;"Bonin et al. 2006; Elsey 2006";"Pritchard 1979; Bonin et al. 2006";Herrel et al. 2002;Macrochelys_temminckii_FMNH22111
Malaclemys_terrapin;LSUMZ 57803;CT data avilable under Morphosource Media ID 000073961;Extant;1;1;0;0;0;0;0;0;0;0;0;0;0;1;1;0;1;1;1;0;0;0;0;1;0.75;1;0;230;NA;Itescu et al. 2014;Emydidae;"Tucker et al. 1995; Bels et al. 1998";"Pritchard 1979; Bonin et al. 2006";Pritchard 1979;Malaclemys_terrapin_FMNH57803
Malacochersus_tornieri;ZM 100102;CT data available on MorphoMuseuM. doi:10.18563/m3.2.2.e4;Extant;1;1;0;0;0;1;0;0;0;0;0;0;0;0;0;1;0;0;0;1;0;0;0;0;0;1;0;180;0.39;Itescu et al. 2014;Testudinidae;Mwaya et al. 2018;"Pritchard 1979; Bonin et al. 2006";Pritchard 1979;Malacochersus_tornieri_ZM100102
Malayemys_subtrijuga;NHMUK 1920.1.20.2545;CT data avilable under Morphosource Media ID 000077379;Extant;1;1;0;0;0;0;0;0;0;0;0;0;0;1;0;0;1;1;1;0;0;0;0;1;0.5;1;0;236.7;0.527;Itescu et al. 2014;Geoemydidae;Aun 1990;"Pritchard 1979; Bonin et al. 2006";Pritchard 1979;Malayemys_subtrijuga_NHMUK19201202545
Mauremys_leprosa;NHMUK unnumbered;CT data avilable under Morphosource Media ID 000077400;Extant;1;1;1;0;0;0;1;0;0;0;1;0;1;0;1;0;0;0;1;0;0;0;0;0.5;0.4;1;0;250;0.497;Itescu et al. 2014;Geoemydidae;Pérez-Santigosa et al. 2011;"Pritchard 1979; Bonin et al. 2006";Pritchard 1979;Mauremys_leprosa_NHMUK_unnumbered
Melanochelys_trijuga;YPM VZ 014519;CT data avilable under Morphosource Media ID 000072560;Extant;1;1;1;0;0;0;1;0;0;0;1;0;0;1;1;0;0;0;1;0;0;0;0;0.7;0.5;1;0;385;0.486;Itescu et al. 2014;Geoemydidae;Das & Bhupathy 2009;"Pritchard 1979; Bonin et al. 2006";Pritchard 1979;Melanochelys_trijuga_YPMVZ014519
Morenia_ocellata;NHMUK 87.3.11.7;CT data avilable under Morphosource Media ID 000077396;Extant;1;1;0;0;0;0;1;0;0;0;0;0;0;0;0;1;0;0;1;0;0;0;0;0;0;1;0;220;0.408;Itescu et al. 2014;Geoemydidae;Das & Sengupta 2010;"Pritchard 1979; Bonin et al. 2006";Pritchard 1979;Morenia_ocellata_NHMUK873117
Natator_depressus;WAM R 112123;no permission for upload, scan was shared by M. Jones & R. Chatterji;Extant;1;1;0;0;0;0;0;0;0;1;0;0;0;1;1;0;1;0;1;0;0;1;1;0.67;0.5;0;0;1000;0.29;Angielczyk et al. 2015;Chelonioidea;Jones & Seminoff 2013;"Pritchard 1979; Bonin et al. 2006";Pritchard 1979;Natator_depressus_R112123
Notochelys_platynota;FMNH 224048;CT data avilable under Morphosource Media ID 000077412;Extant;1;1;1;0;0;0;1;0;0;0;0;0;0;0;0;1;0;0;1;0;0;0;0;0.5;0;1;0;360;NA;Itescu et al. 2014;Geoemydidae;Aun 1990;"Pritchard 1979; Bonin et al. 2006";Pritchard 1979;Notochelys_platynota_FMNH224048
Orlitia_borneensis;NHMUK 1949.3.4.29;CT data avilable under Morphosource Media ID 000077383;Extant;1;1;1;0;0;0;1;0;1;0;0;0;0;1;1;0;0;0;1;0;0;0;0;0.7;0.5;1;0;800;NA;Itescu et al. 2014;Geoemydidae;Kimmel 1980;"Pritchard 1979; Bonin et al. 2006";Pritchard 1979;Orlitia_borneensis_NHMUK19493429
Pangshura_tecta;NHMUK 1889.2.6.1;CT data avilable under Morphosource Media ID 000077377;Extant;1;1;0;0;0;0;1;0;0;0;0;0;0;0;0;1;0;0;1;0;0;0;0;0;0;1;0;240;0.532;Itescu et al. 2014;Geoemydidae;Pritchard 1979;"Pritchard 1979; Bonin et al. 2006";Pritchard 1979;Pangshura_tecta_NHMUK1889261
Pelodiscus_sinensis;IW 5762;CT data avilable under Morphosource Media ID 000355874;Extant;1;1;0;0;0;0;1;0;1;0;1;1;0;1;1;0;1;0;1;0;1;0;0;0.58;0.67;1;0;330;0.83;Angielczyk et al. 2015;Trionychia;Pritchard 1979;"Pritchard 1979; Bonin et al. 2006";Pritchard 1979;Pelodiscus_sinensis_IW5762
Pelomedusa_subrufa;SMF 70504;CT data avilable under Morphosource Media ID 000354058;Extant;1;1;1;0;0;0;0;0;1;0;0;1;0;0;0;0;1;0;1;0;0;0;0;0.67;0.5;1;1;330;0.49;Itescu et al. 2014;Pelomedusoides;Luiselli et al. 2004;"Pritchard 1979; Bonin et al. 2006";Pritchard 1979;Pelomedusa_subrufa_SMF70504
Peltocephalus_dumerilianus;MCT 354-RR;scan was shared with us by F. Deantoni;Extant;1;1;1;0;0;0;1;0;1;0;0;0;0;1;0;0;0;0;1;0;0;0;0;0.62;0.38;0;0;680;0.36;Angielczyk et al. 2015;Pelomedusoides;"Pérez-Eman & Paolillo 1997; Rueda-Almonacid et al. 2007";"Pritchard 1979; Bonin et al. 2006";Pritchard 1979;Peltocephalus_dumerilianus_unnumbered
Pelusios_sinuatus;USNM 42144;CT data available on DigiMorph;Extant;1;1;0;0;0;0;0;0;1;0;1;1;0;1;0;0;1;0;1;0;0;0;0;0.62;0.75;1;1;550;0.467;Itescu et al. 2014;Pelomedusoides;Spawls et al. 2018;"Pritchard 1979; Bonin et al. 2006";Pritchard 1979;Pelusios_sinuatus_USNM42144
Phrynops_geoffroanus;SMF 45470;CT data avilable under Morphosource Media ID 000042815;Extant;1;1;1;0;0;0;1;0;1;0;1;0;0;0;1;0;0;0;1;0;1;0;0;0.6;0.6;1;1;443.02;0.47;G. Ferreira (unpubl. data);Chelidae;"Fachín-Teran et al. 1995; Souza & Abe 2000; Ribeiro et al. 2017";"Pritchard 1979; Bonin et al. 2006";Pritchard 1979;Phrynops_geoffroanus_SMF45470
Phrynops_hilarii;NHMUK 91.3.16.1;CT data avilable under Morphosource Media ID 000077398;Extant;1;1;0;0;0;0;0;0;0;0;1;0;0;0;0;0;1;0;1;0;1;0;0;0.5;1;1;1;400;NA;Itescu et al. 2014;Chelidae;"Molina et al. 1998; Alcalde et al. 2010";"Pritchard 1979; Bonin et al. 2006";Pritchard 1979;Phrynops_hilarii_NHMUK913161
Platysternon_megacephalum;SMF 69684;CT data avilable under Morphosource Media ID 000354125;Extant;1;1;1;0;0;0;0;0;0;0;0;0;1;1;1;0;0;0;1;0;0;0;0;0.75;0.38;0;0;201;0.47;Itescu et al. 2014;Emydidae;Sung et al. 2016;"Pritchard 1979; Bonin et al. 2006";Pritchard 1979;Platysternon_megacephalum_SMF69684
Podocnemis_expansa;LIRP unnumbered;CT data avilable under Morphosource Media ID 000376386;Extant;1;1;1;1;1;0;1;0;0;0;0;0;0;0;0;1;0;0;1;0;0;0;0;0.38;0;1;1;1070;0.38;Angielczyk et al. 2015;Pelomedusoides;"Rueda-Almonacid et al. 2007; Cunha et al. 2020";"Pritchard 1979; Bonin et al. 2006";Pritchard 1979;Podocnemis_expansa_LIRP_unnumbered
Podocnemis_unifilis;SMF 55470;CT data avilable under Morphosource Media ID 000354131;Extant;1;1;1;1;1;0;1;0;0;0;0;0;0;0;0;1;0;0;1;0;1;0;0;0.38;0;1;1;680;0.318;Angielczyk et al. 2015;Pelomedusoides;"Rueda-Almonacid et al. 2007; Cunha et al. 2020";"Pritchard 1979; Bonin et al. 2006";Pritchard 1979;Podocnemis_unifilis_SMF55470
Pseudemys_concinna;FMNH 22146;CT data avilable under Morphosource Media ID 000077410;Extant;1;1;0;0;0;0;1;0;0;0;0;0;0;0;0;1;0;0;1;0;0;0;0;0;0;1;0;430;NA;Itescu et al. 2014;Emydidae;Dreslik 1999;"Pritchard 1979; Bonin et al. 2006";Pritchard 1979;Pseudemys_concinna_FMNH22146
Rhinoclemmys_melanosterna;FMNH 44446;CT data avilable under Morphosource Media ID 000077417;Extant;1;1;1;0;1;1;0;0;0;0;0;0;1;0;0;0;0;0;1;1;0;0;0;0.38;0;1;0;290;NA;Itescu et al. 2014;Geoemydidae;Rueda-Almonacid et al. 2007;"Pritchard 1979; Bonin et al. 2006";Pritchard 1979;Rhinoclemmys_melanosterna_FMNH44446
Rhinoclemmys_pulcherrima;PCHP unnumbered;CT data avilable under Morphosource Media ID 000114662;Extant;1;1;1;1;0;1;0;0;0;0;0;1;1;0;0;0;0;0;1;1;0;0;0;0.3;0.1;1;0;214;0.475;Itescu et al. 2014;Geoemydidae;Jolman 2003;"Pritchard 1979; Bonin et al. 2006";Pritchard 1979;Rhinoclemmys_pulcherrima_PCHP_unnumbered
Siebenrockiella_crassicollis;NHMUK 1864.9.2.47;CT data avilable under Morphosource Media ID 000077375;Extant;1;1;1;0;0;0;1;0;1;0;0;0;1;1;0;0;0;0;1;0;0;0;0;0.5;0.3;1;0;203;0.489;Itescu et al. 2014;Geoemydidae;"Nuthpand 1979; Kimmel 1980";"Pritchard 1979; Bonin et al. 2006";Pritchard 1979;Siebenrockiella_crassicollis_NHMUK18649247
Staurotypus_salvinii;NHMUK 1879.1.7.5;CT data avilable under Morphosource Media ID 000077376;Extant;1;1;0;0;0;0;0;0;1;0;0;0;0;1;0;0;1;1;1;0;0;0;0;0.75;0.75;1;0;250;0.517;Itescu et al. 2014;Chelydroidea;Pritchard 1979;"Pritchard 1979; Bonin et al. 2006";Pritchard 1979;Staurotypus_salvinii_NHMUK1879175
Sternotherus_minor;FMNH 211696;CT data avilable under Morphosource Media ID 000042852;Extant;1;1;0;0;0;0;0;0;0;0;0;1;0;1;1;0;1;1;1;0;0;0;0;0.83;0.67;1;0;145;0.66;Angielczyk et al. 2015;Chelydroidea;Forlkerts 1968;"Pritchard 1979; Bonin et al. 2006";Pritchard 1979;Sternotherus_minor_FMNH211696
Sternotherus_odoratus;YPM VZ 019736;CT data avilable under Morphosource Media ID 000072565;Extant;1;1;0;0;0;0;0;0;0;0;1;0;0;1;0;0;1;0;1;0;0;0;0;0.75;0.75;1;0;150;0.627;Angielczyk et al. 2015;Chelydroidea;Mahmoud 1968;"Pritchard 1979; Bonin et al. 2006";Pritchard 1979;Sternotherus_odoratus_YPMVZ_019736
Terrapene_coahuila;FMNH 47372;CT data avilable under Morphosource Media ID 000077419;Extant;1;1;0;0;0;0;1;1;0;0;1;1;0;0;0;0;0;0;1;0;0;0;0;0.25;0.38;1;0;168;0.53;Angielczyk et al. 2015;Emydidae;Brown 1974;"Pritchard 1979; Bonin et al. 2006";Pritchard 1979;Terrapene_coahuila_FMNH47372
Terrapene_ornata;FMNH 23014;CT data avilable under Morphosource Media ID 000077413;Extant;1;1;1;1;0;1;0;0;0;0;0;1;1;0;0;0;0;0;0;1;0;0;0;0.3;0.1;1;0;140;0.548;Itescu et al. 2014;Emydidae;Bonin et al. 2006;"Pritchard 1979; Bonin et al. 2006";Pritchard 1979;Terrapene_ornata_FMNH23014
Testudo_marginata;FMNH 51672;CT data avilable under Morphosource Media ID 000077423;Extant;1;1;1;1;0;1;0;0;0;0;0;0;0;0;0;1;0;0;0;1;0;0;0;0.33;0;1;0;400;0.405;Itescu et al. 2014;Testudinidae;Bonin et al. 2006;"Pritchard 1979; Bonin et al. 2006";Pritchard 1979;Testudo_marginata_FMNH51672
Trachemys_scripta;LIRP unnumbered;CT data avilable under Morphosource Media ID 000398726;Extant;1;1;1;1;1;0;1;0;0;0;1;0;0;0;1;0;0;0;1;0;0;0;0;0.5;0.33;1;0;280;0.495;Itescu et al. 2014;Emydidae;"Dreslik 1999; Stephens & Ryan 2009; Pérez-Santigosa et al. 2011";"Pritchard 1979; Bonin et al. 2006";Pritchard 1979;Trachemys_scripta_unnumbered
Trionyx_triunguis;PCHP 4559;CT data avilable under Morphosource Media ID 000114274;Extant;0;1;0;0;0;0;0;0;1;0;1;0;0;1;1;0;1;0;1;0;1;0;0;0.75;0.88;1;0;1200;0.981;Itescu et al. 2014;Trionychia;Luiselli et al. 2004;"Pritchard 1979; Bonin et al. 2006";Pritchard 1979;Trionyx_triunguis_PCHP4559
Annemys_sp;IVPPV 18106;CT data available on DigiMorph;Fossil;NA;NA;NA;NA;NA;NA;NA;NA;NA;NA;NA;NA;NA;NA;NA;NA;NA;NA;NA;NA;NA;NA;NA;NA;NA;NA;NA;NA;NA;NA;Stem;-;-;-;Annemys_IVPPV18106
Araiochelys_hirayamai;AMNH 30778;CT data avilable under Morphosource Media ID 000351078;Fossil;NA;NA;NA;NA;NA;NA;NA;NA;NA;NA;NA;NA;NA;NA;NA;NA;NA;NA;NA;NA;NA;NA;NA;NA;NA;NA;NA;NA;NA;NA;Pelomedusoides;-;-;-;Araiochelys_hirayamai_AMNH30778
Argillochelys_antiqua;NHMUK R38955;CT data avilable under Morphosource Media ID 000043216;Fossil;NA;NA;NA;NA;NA;NA;NA;NA;NA;NA;NA;NA;NA;NA;NA;NA;NA;NA;NA;NA;NA;NA;NA;NA;NA;NA;NA;NA;NA;NA;Chelonioidea;-;-;-;Argillochelys_antiqua_NHMUKR38955
Bairdemys_hartsteini;AMNH FR27222;CT data available under Morphosource Media ID 000355880;Fossil;NA;NA;NA;NA;NA;NA;NA;NA;NA;NA;NA;NA;NA;NA;NA;NA;NA;NA;NA;NA;NA;NA;NA;NA;NA;NA;NA;NA;NA;NA;Pelomedusoides;-;-;-;Bairdemys_hartsteini_AMNH27222
Desmatochelys_lowii;KUVP 1200;CT data available on Morphobank in Project 3146;Fossil;NA;NA;NA;NA;NA;NA;NA;NA;NA;NA;NA;NA;NA;NA;NA;NA;NA;NA;NA;NA;NA;NA;NA;NA;NA;NA;NA;NA;NA;NA;Chelonioidea;-;-;-;Desmatochelys_lowii_KUVP1200
Eochelone_brabantica;IRSN BR 0061;CT data available via RBINS Virtual Collections;Fossil;NA;NA;NA;NA;NA;NA;NA;NA;NA;NA;NA;NA;NA;NA;NA;NA;NA;NA;NA;NA;NA;NA;NA;NA;NA;NA;NA;NA;NA;NA;Chelonioidea;-;-;-;Eochelone_brabantica_IRSNBR0061
Eubaena_cephalica;DMNH 96004;CT data avilable under Morphosource Media ID 000056542;Fossil;NA;NA;NA;NA;NA;NA;NA;NA;NA;NA;NA;NA;NA;NA;NA;NA;NA;NA;NA;NA;NA;NA;NA;NA;NA;NA;NA;NA;NA;NA;Stem;-;-;-;Eubaena_cephalica_DMNH96004
Galianemys_emringeri;AMNH 30035;CT data avilable under Morphosource Media ID 000351794;Fossil;NA;NA;NA;NA;NA;NA;NA;NA;NA;NA;NA;NA;NA;NA;NA;NA;NA;NA;NA;NA;NA;NA;NA;NA;NA;NA;NA;NA;NA;NA;Pelomedusoides;-;-;-;Galianemys_emringeri_AMNH30035
Jurassichelon_oleronensis;PIMUZ AIII 514;no permission for upload, scan was shared with us by J. Anquetin;Fossil;NA;NA;NA;NA;NA;NA;NA;NA;NA;NA;NA;NA;NA;NA;NA;NA;NA;NA;NA;NA;NA;NA;NA;NA;NA;NA;NA;NA;NA;NA;Stem;-;-;-;Jurassichelon_oleronensis_PIMUZAIII514
Labrostochelys_galkini;AMNH 30043;CT data avilable under Morphosource Media ID 000351829;Fossil;NA;NA;NA;NA;NA;NA;NA;NA;NA;NA;NA;NA;NA;NA;NA;NA;NA;NA;NA;NA;NA;NA;NA;NA;NA;NA;NA;NA;NA;NA;Pelomedusoides;-;-;-;Labrostochelys_galkini_AMNH30043
Lapparentemys_vilavilensis;AMNH 14444;CT data avilable under Morphosource Media ID 000351836;Fossil;NA;NA;NA;NA;NA;NA;NA;NA;NA;NA;NA;NA;NA;NA;NA;NA;NA;NA;NA;NA;NA;NA;NA;NA;NA;NA;NA;NA;NA;NA;Pelomedusoides;-;-;-;Lapparentemys_vilavilensis_AMNH14444
Sahonachelys_mailakavava;UA 10581;CT data avilable under Morphosource Media ID 000170553;Fossil;NA;NA;NA;NA;NA;NA;NA;NA;NA;NA;NA;NA;NA;NA;NA;NA;NA;NA;NA;NA;NA;NA;NA;NA;NA;NA;NA;NA;NA;NA;Pelomedusoides;-;-;-;Sahonachelys_mailakavava_UA_10581
Phosphatochelys_tedfordi;AMNH 30008;CT data avilable under Morphosource Media ID 000352697;Fossil;NA;NA;NA;NA;NA;NA;NA;NA;NA;NA;NA;NA;NA;NA;NA;NA;NA;NA;NA;NA;NA;NA;NA;NA;NA;NA;NA;NA;NA;NA;Pelomedusoides;-;-;-;Phosphatochelys_tedfordi_AMNH30008
Puppigerus_camperi;IRSN BR 0076;CT data available via RBINS Virtual Collections;Fossil;NA;NA;NA;NA;NA;NA;NA;NA;NA;NA;NA;NA;NA;NA;NA;NA;NA;NA;NA;NA;NA;NA;NA;NA;NA;NA;NA;NA;NA;NA;Chelonioidea;-;-;-;Puppigerus_camperi_IRSNBR0076
Rhinochelys_pulchriceps;CAMSM B55783;CT data avilable under Morphosource Media ID 000043003;Fossil;NA;NA;NA;NA;NA;NA;NA;NA;NA;NA;NA;NA;NA;NA;NA;NA;NA;NA;NA;NA;NA;NA;NA;NA;NA;NA;NA;NA;NA;NA;Chelonioidea;-;-;-;Rhinochelys_pulchriceps_CAMSMB55783
Sandownia_harrisi;MIWG 3480;CT data avilable under Morphosource Media ID 000042933;Fossil;NA;NA;NA;NA;NA;NA;NA;NA;NA;NA;NA;NA;NA;NA;NA;NA;NA;NA;NA;NA;NA;NA;NA;NA;NA;NA;NA;NA;NA;NA;Stem;-;-;-;Sandownia_harrisi_MIWG3480
Ummulisani_rutgersensis;AMNH 30569;CT data avilable under Morphosource Media ID 000351895;Fossil;NA;NA;NA;NA;NA;NA;NA;NA;NA;NA;NA;NA;NA;NA;NA;NA;NA;NA;NA;NA;NA;NA;NA;NA;NA;NA;NA;NA;NA;NA;Pelomedusoides;-;-;-;Ummulisani_rutgersensis_AMNH30569
